{"stats":{"minecraft:custom":{"minecraft:time_since_rest":5761,"minecraft:sprint_one_cm":3449,"minecraft:walk_one_cm":174344,"minecraft:mob_kills":3,"minecraft:drop":20,"minecraft:damage_dealt":430,"minecraft:swim_one_cm":2852,"minecraft:fly_one_cm":814701,"minecraft:open_barrel":2,"minecraft:open_chest":12,"minecraft:crouch_one_cm":24663,"minecraft:play_one_minute":210555,"minecraft:deaths":4,"minecraft:sneak_time":10139,"minecraft:walk_under_water_one_cm":668665,"minecraft:jump":174,"minecraft:leave_game":5,"minecraft:walk_on_water_one_cm":101991,"minecraft:time_since_death":5731,"minecraft:climb_one_cm":688},"minecraft:killed":{"minecraft:skeleton":1,"minecraft:creeper":1,"minecraft:squid":1},"minecraft:used":{"minecraft:oak_log":279,"minecraft:oak_fence":36,"minecraft:red_sand":531,"minecraft:cow_spawn_egg":5,"minecraft:iron_ore":51,"minecraft:stripped_acacia_log":111,"minecraft:dead_bush":11,"minecraft:acacia_trapdoor":2,"minecraft:acacia_slab":28,"minecraft:spruce_slab":56,"minecraft:grass_block":876,"minecraft:red_sandstone_slab":111,"minecraft:ladder":8,"minecraft:brown_wool":7,"minecraft:jungle_fence":18,"minecraft:chicken_spawn_egg":4,"minecraft:cactus":28,"minecraft:chest":7,"minecraft:white_terracotta":79,"minecraft:stone":6733,"minecraft:iron_sword":4,"minecraft:sugar_cane":30,"minecraft:sheep_spawn_egg":5,"minecraft:grass":252,"minecraft:gold_ore":35,"minecraft:barrel":2,"minecraft:oak_leaves":356,"minecraft:yellow_terracotta":20,"minecraft:potion":7,"minecraft:diamond_sword":3,"minecraft:fishing_rod":53,"minecraft:dirt":1400,"minecraft:sand":24,"minecraft:cobblestone":9,"minecraft:terracotta":385,"minecraft:vine":3,"minecraft:cut_sandstone_slab":13,"minecraft:crafting_table":1,"minecraft:brown_banner":3,"minecraft:yellow_glazed_terracotta":20,"minecraft:furnace":1,"minecraft:orange_glazed_terracotta":21,"minecraft:jungle_planks":153,"minecraft:spruce_stairs":17,"minecraft:andesite":76,"minecraft:acacia_fence":34,"minecraft:chain":3,"minecraft:sandstone_slab":20,"minecraft:acacia_leaves":1,"minecraft:dead_tube_coral":1,"minecraft:acacia_button":21,"minecraft:coarse_dirt":7,"minecraft:spruce_fence":4,"minecraft:orange_terracotta":1603,"minecraft:red_sandstone_wall":7,"minecraft:stripped_spruce_wood":29,"minecraft:milk_bucket":2,"minecraft:fern":11},"minecraft:dropped":{"minecraft:fishing_rod":20},"minecraft:picked_up":{"minecraft:jungle_planks":4,"minecraft:acacia_button":1,"minecraft:ink_sac":3,"minecraft:barrel":4,"minecraft:string":1,"minecraft:cactus":3,"minecraft:arrow":2,"minecraft:sugar_cane":7,"minecraft:oak_leaves":3,"minecraft:cobblestone":3},"minecraft:mined":{"minecraft:barrel":2}},"DataVersion":2584}