{"stats":{"minecraft:custom":{"minecraft:jump":66,"minecraft:time_since_rest":2210,"minecraft:deaths":1,"minecraft:walk_on_water_one_cm":1451,"minecraft:damage_taken":420,"minecraft:leave_game":1,"minecraft:play_time":6764,"minecraft:sprint_one_cm":5833,"minecraft:time_since_death":2159,"minecraft:walk_one_cm":8455,"minecraft:total_world_time":6764,"minecraft:walk_under_water_one_cm":64,"minecraft:fall_one_cm":3222,"minecraft:fly_one_cm":8065},"minecraft:mined":{"minecraft:grass_block":2,"minecraft:oak_log":2,"minecraft:sugar_cane":3,"minecraft:oak_leaves":1},"minecraft:picked_up":{"minecraft:oak_log":2,"minecraft:sugar_cane":7,"minecraft:dirt":2},"minecraft:killed_by":{"minecraft:creeper":1}},"DataVersion":3465}